,Token Name,Address,Address Url,Crypto Type,Time Stamp,Max Supply,# of Holder,Transfers,Decimals,Token Type
0,Forever Swap,0xcf841ca09bf31ad0f37a139c948aab2480abcdea,https://etherscan.io/token/0xcf841ca09bf31ad0f37a139c948aab2480abcdea,Etherium,21/06/2021 23:21:17,80000000000000,39,56,5,New
1,Internal Retard Services,0xe65ff9442ffdc9aaec4ef52bd0c664779a51e5d9,https://etherscan.io/token/0xe65ff9442ffdc9aaec4ef52bd0c664779a51e5d9,Etherium,21/06/2021 23:21:17,1000000000000,332,1229,9,New
2,GoldenDog,0x6aa493050427c7af81d38f19fd6b4f5dd3a75e3b,https://etherscan.io/token/0x6aa493050427c7af81d38f19fd6b4f5dd3a75e3b,Etherium,21/06/2021 23:21:17,786520721400,1 (0.00%),1,18,New
3,Vibrator,0xd74d945790509015e9b129cf16342ca4494fcc28,https://etherscan.io/token/0xd74d945790509015e9b129cf16342ca4494fcc28,Etherium,21/06/2021 23:21:17,1000000000000,542,1495,9,New
4,Sion,0xe8d1efd0c95011298e9a30143a0182c06b45ff5d,https://etherscan.io/token/0xe8d1efd0c95011298e9a30143a0182c06b45ff5d,Etherium,21/06/2021 23:21:17,1000000000000,292 ( -0.683%),501,9,New
5,BZZ,0x19062190b1925b5b6689d7073fdfc8c2976ef8cb,https://etherscan.io/token/0x19062190b1925b5b6689d7073fdfc8c2976ef8cb,Etherium,21/06/2021 23:21:17,71029541.6490482762198889,5277 ( 9.396%),13394,16,New
6,ROSA,0x17d1823bd5e96e76e822ab42b61d348302e072d5,https://etherscan.io/token/0x17d1823bd5e96e76e822ab42b61d348302e072d5,Etherium,21/06/2021 23:21:17,2000000,1 (0.00%),1,18,New
7,AKB48_Finance,0x7d8a133b3fdda2bdc340b6402943110dae3f299e,https://etherscan.io/token/0x7d8a133b3fdda2bdc340b6402943110dae3f299e,Etherium,21/06/2021 23:21:17,1000000000000,72,329,9,New
8,Official Mars Token,0x4e30910845f0cb4f66781b35c832eafc09774022,https://etherscan.io/token/0x4e30910845f0cb4f66781b35c832eafc09774022,Etherium,21/06/2021 23:21:17,5000000000000,22,95,18,New
9,ePlatinum,0x57b3140f522a3ef2f98c046f78e0d03075908591,https://etherscan.io/token/0x57b3140f522a3ef2f98c046f78e0d03075908591,Etherium,21/06/2021 23:21:17,3019969317.294207755460222057,186,1037,18,New
10,Football Inu,0x48a3d9510f7c2aa61a285ccb4eaa5ba072692468,https://etherscan.io/token/0x48a3d9510f7c2aa61a285ccb4eaa5ba072692468,Etherium,21/06/2021 23:21:17,1000000000000,1087,3659,9,New
11,Cookie Inu,0x22709596fc3c3f3ad865b5a52f66af156aca32a9,https://etherscan.io/token/0x22709596fc3c3f3ad865b5a52f66af156aca32a9,Etherium,21/06/2021 23:21:17,100000000000000000,26,57,9,New
12,Zet Inu,0xbc130b1cd40c722f54baaa1c92651dd630d73d99,https://etherscan.io/token/0xbc130b1cd40c722f54baaa1c92651dd630d73d99,Etherium,21/06/2021 23:21:17,1000000000000,319,1061,9,New
13,Nabox,0x630bc7dd0abfc2d196289ce09db947dd2cafae7c,https://etherscan.io/token/0x630bc7dd0abfc2d196289ce09db947dd2cafae7c,Etherium,21/06/2021 23:21:17,21286653149.036859109363312254,248 ( -0.400%),729,18,New
14,Gucci_Inu,0xcdd475d3e64ef21b5dd8b9920143d5b0b19f42c2,https://etherscan.io/token/0xcdd475d3e64ef21b5dd8b9920143d5b0b19f42c2,Etherium,21/06/2021 23:21:17,1000000000000000,2,3,9,New
15,MansionCash,0x4a013d18330880167a2507bc7b2a90bd2c912ec7,https://etherscan.io/token/0x4a013d18330880167a2507bc7b2a90bd2c912ec7,Etherium,21/06/2021 23:21:17,98506129548726.873378506,168,967,9,New
16,Vara  Inu,0xb798ab0b48a9fd695e9e3b501ecab7a2fac4a6c2,https://etherscan.io/token/0xb798ab0b48a9fd695e9e3b501ecab7a2fac4a6c2,Etherium,21/06/2021 23:21:17,1000000000000000,17,31,18,New
17,Be Loaded Finance,0xa1b6fc4f2ab4e41c49e92121dc3a1ebc7549b695,https://etherscan.io/token/0xa1b6fc4f2ab4e41c49e92121dc3a1ebc7549b695,Etherium,21/06/2021 23:21:17,1000000000,33,47,18,New
18,Rolar  Inu,0x31925997851d0516f3d603150b2ee00b41ba899c,https://etherscan.io/token/0x31925997851d0516f3d603150b2ee00b41ba899c,Etherium,21/06/2021 23:21:17,1000000000000000,14,22,18,New
19,Rising Inu,0x23a76287b0a1f96d2409dacd35d1cdc5d90d7b1d,https://etherscan.io/token/0x23a76287b0a1f96d2409dacd35d1cdc5d90d7b1d,Etherium,21/06/2021 23:21:17,200000000000000,7,13,5,New
20,PolkaDoge,0x339a112b5919bcf5311cda0fe176cc69b67008cc,https://etherscan.io/token/0x339a112b5919bcf5311cda0fe176cc69b67008cc,Etherium,21/06/2021 23:21:17,1000000000000000,43 ( -2.326%),104,9,New
21,DUMB Token,0xbc2878faa8a634ab92b1e8194cca9a88db52e8df,https://etherscan.io/token/0xbc2878faa8a634ab92b1e8194cca9a88db52e8df,Etherium,21/06/2021 23:21:17,123456789,13,17,18,New
22,Ever Rising Inu,0xe0fe35312c8c8a2d5a70bd594ec8e6335f6b45dd,https://etherscan.io/token/0xe0fe35312c8c8a2d5a70bd594ec8e6335f6b45dd,Etherium,21/06/2021 23:21:17,500000000000000,82,178,5,New
23,Hishu Inu Finance,0x89c58d698066c84caede98640fcd1ed01d74fe50,https://etherscan.io/token/0x89c58d698066c84caede98640fcd1ed01d74fe50,Etherium,21/06/2021 23:21:17,1000000000000000,53,83,9,New
24,EtherDog,0x253d91dd6ea22d0d50220fd84ccba14047e5e644,https://etherscan.io/token/0x253d91dd6ea22d0d50220fd84ccba14047e5e644,Etherium,21/06/2021 23:21:17,1000000000000000,32,51,9,New
25,Konomi Inu,0x1ddc2516f7799710507c09a0df244f94bf04c285,https://etherscan.io/token/0x1ddc2516f7799710507c09a0df244f94bf04c285,Etherium,21/06/2021 23:21:17,1000000000000,4,6,18,New
26,SuperAidi Inu,0x161eeb1463b26dd81f07e94076f2175dd3be052a,https://etherscan.io/token/0x161eeb1463b26dd81f07e94076f2175dd3be052a,Etherium,21/06/2021 23:21:17,1000000000000,97,125,18,New
27,Quilboar Coin,0xd5ba1b7a104ac7623463d41fa9f1303c944ba30d,https://etherscan.io/token/0xd5ba1b7a104ac7623463d41fa9f1303c944ba30d,Etherium,21/06/2021 23:21:17,50000000000,21,25,18,New
28,Thunder Finance,0x4519817b4801c39936d4e5b793cf93eeaf5c6936,https://etherscan.io/token/0x4519817b4801c39936d4e5b793cf93eeaf5c6936,Etherium,21/06/2021 23:21:17,1000000000000000,36,64,9,New
29,Wrapped BCH,0xf7b4d113c5da1c99bdb64ca4b538b92cfc52f3dc,https://etherscan.io/token/0xf7b4d113c5da1c99bdb64ca4b538b92cfc52f3dc,Etherium,21/06/2021 23:21:17,21000000,8,18,18,New
30,EverRiseCoin,0x61548411dfa6e522b7e5b83e1f85291b017312ea,https://etherscan.io/token/0x61548411dfa6e522b7e5b83e1f85291b017312ea,Etherium,21/06/2021 23:21:17,1000000000000000,34,35,18,New
31,BotzCoin,0x4e58c6d34d1e055e8d3943ffb1fed662d0aa9c10,https://etherscan.io/token/0x4e58c6d34d1e055e8d3943ffb1fed662d0aa9c10,Etherium,21/06/2021 23:21:17,999999999999999,9,28,18,New
32,Ape Finance √∞¬ü¬¶¬ç,0xefb0e363fec9e04999a9b8803421d27765258ffd,https://etherscan.io/token/0xefb0e363fec9e04999a9b8803421d27765258ffd,Etherium,21/06/2021 23:21:17,1000000000000000,65,387,9,New
33,eHODL,0xcccdb294b52fc00051bf694fc798efee33bc0358,https://etherscan.io/token/0xcccdb294b52fc00051bf694fc798efee33bc0358,Etherium,21/06/2021 23:21:17,1000000000000,11,13,18,New
34,Phoenix Token,0x2c621e8f188fc0fcce5d0307c83e9c4dcfd3c08c,https://etherscan.io/token/0x2c621e8f188fc0fcce5d0307c83e9c4dcfd3c08c,Etherium,21/06/2021 23:21:17,50000000000,38,45,18,New
35,SafeBear,0x281fbb8cf9e988953237ea4db8b9e255f28ac703,https://etherscan.io/token/0x281fbb8cf9e988953237ea4db8b9e255f28ac703,Etherium,21/06/2021 23:21:17,1000000000000,6,8,18,New
36,Hungry Kitty √∞¬ü¬ê¬±√∞¬ü¬ç¬£,0x3d62c922d586ffdc0e7cd15a46ab8785b15b997d,https://etherscan.io/token/0x3d62c922d586ffdc0e7cd15a46ab8785b15b997d,Etherium,21/06/2021 23:21:17,100000000000000000,190,548,9,New
37,ForeverUp,0x81afa8aca19d5693883b0b1e10ae1ccaf2f42781,https://etherscan.io/token/0x81afa8aca19d5693883b0b1e10ae1ccaf2f42781,Etherium,21/06/2021 23:21:17,1000000000000,1297,4771,9,New
38,100x,0x368f1896be0b38d4d56a4e9053a31cf5b7382f0b,https://etherscan.io/token/0x368f1896be0b38d4d56a4e9053a31cf5b7382f0b,Etherium,21/06/2021 23:21:17,100000000000000000,10,24,9,New
39,DogCatcher,0xa940d2ee07197c4d5687f45b1defe8a9c4d509f1,https://etherscan.io/token/0xa940d2ee07197c4d5687f45b1defe8a9c4d509f1,Etherium,21/06/2021 23:21:17,999999999999999.9991,80,351,18,New
40,Fat Cow,0xde4ef1b4826a1310d1a32ff35b94e3cb3e549667,https://etherscan.io/token/0xde4ef1b4826a1310d1a32ff35b94e3cb3e549667,Etherium,21/06/2021 23:21:17,1000000000,33,47,18,New
41,Geisha Token,0x68fc940b9c271e32833c488f91fe81f8f9383ae5,https://etherscan.io/token/0x68fc940b9c271e32833c488f91fe81f8f9383ae5,Etherium,21/06/2021 23:21:17,100000000000000,29,69,9,New
42,North Korea Token,0x61e2588417a835405105771a585a43bc4a41e782,https://etherscan.io/token/0x61e2588417a835405105771a585a43bc4a41e782,Etherium,21/06/2021 23:21:17,28500000000,2,2,18,New
43,ForeverUp,0xadd61ba28f0912f51593d7778309445f2abfd1d7,https://etherscan.io/token/0xadd61ba28f0912f51593d7778309445f2abfd1d7,Etherium,21/06/2021 23:21:17,10000000000000,18,23,18,New
44,MoonKat,0x8fbf4327e01a18ee0a7dddc019a5c0d0f1ced7a2,https://etherscan.io/token/0x8fbf4327e01a18ee0a7dddc019a5c0d0f1ced7a2,Etherium,21/06/2021 23:21:17,1000000000000000,12,13,18,New
45,Atomic Doge,0x76852855f4545aeaa297485b2c76bacbe9d9fdd0,https://etherscan.io/token/0x76852855f4545aeaa297485b2c76bacbe9d9fdd0,Etherium,21/06/2021 23:21:17,1000000000000,85,446,9,New
46,SHIBAMAX INU,0xa9aa1921537da0138b61331b4b246aacbd9abaa0,https://etherscan.io/token/0xa9aa1921537da0138b61331b4b246aacbd9abaa0,Etherium,21/06/2021 23:21:17,100000000000000,13,32,18,New
47,Chocolate Shiba t.me/ChocolateShiba,0x7ec095806670a804efb9a771bdb0f1bbf0d950fa,https://etherscan.io/token/0x7ec095806670a804efb9a771bdb0f1bbf0d950fa,Etherium,21/06/2021 23:21:17,1000000000000100000000000,31,42,18,New
48,bounty,0x3f031bb99a5f4c78a78c443e01ffc107d0fe4847,https://etherscan.io/token/0x3f031bb99a5f4c78a78c443e01ffc107d0fe4847,Etherium,21/06/2021 23:21:17,1000000000000000,3,3,18,New
49,√∞¬ü¬å¬†SUPERSTAR|,0x060a890048dcb6d39f3f30066fab3d874d24ca48,https://etherscan.io/token/0x060a890048dcb6d39f3f30066fab3d874d24ca48,Etherium,21/06/2021 23:21:17,100000000000,14,47,18,New
50,DogstonksPro (dogstonks.com),0xe7a7ef72466167ff78e08ad76b12ca0c13c496e1,https://etherscan.io/token/0xe7a7ef72466167ff78e08ad76b12ca0c13c496e1,Etherium,21/06/2021 23:21:17,1000000000000,1085,3574,18,New
51,ForeverUpToken,0xcbac698e9b4dcfa1e6c895d7e0d451da2f595135,https://etherscan.io/token/0xcbac698e9b4dcfa1e6c895d7e0d451da2f595135,Etherium,21/06/2021 23:21:17,1000000000000,6,11,18,New
52,Shuukyuu Shoujo,0xf42006c90a2cb670694887e473af16154f6858f8,https://etherscan.io/token/0xf42006c90a2cb670694887e473af16154f6858f8,Etherium,21/06/2021 23:21:17,1000000000000,559,2528,9,New
53,Doge Superhero,0x40428f31a6765a7985786fd0427be366cee691f3,https://etherscan.io/token/0x40428f31a6765a7985786fd0427be366cee691f3,Etherium,21/06/2021 23:21:17,10000000000000,13,20,18,New
54,Miko,0xe0ed41628fa610f525a989e847a0099f22bc7681,https://etherscan.io/token/0xe0ed41628fa610f525a989e847a0099f22bc7681,Etherium,21/06/2021 23:21:17,100000000000000,19,28,18,New
55,eDiamondHands,0xa08db18d7c633871477887cf9db77e63bb69cf74,https://etherscan.io/token/0xa08db18d7c633871477887cf9db77e63bb69cf74,Etherium,21/06/2021 23:21:17,1000000000000,851,3854,9,New
56,Tom Inu,0x2d0e64b6bf13660a4c0de42a0b88144a7c10991f,https://etherscan.io/token/0x2d0e64b6bf13660a4c0de42a0b88144a7c10991f,Etherium,21/06/2021 23:21:17,1733820000000,669,2802,9,New
57,Shiba Chocolate | t.me/ShibaChocolate,0x31a4f372aa891b46ba44dc64be1d8947c889e9c6,https://etherscan.io/token/0x31a4f372aa891b46ba44dc64be1d8947c889e9c6,Etherium,21/06/2021 23:21:17,1000000000000000,778,4639,9,New
58,Conjure,0x00a55375002f3cda400383f479e7cd57bad029a9,https://etherscan.io/token/0x00a55375002f3cda400383f479e7cd57bad029a9,Etherium,21/06/2021 23:21:17,10000000,102 (0.00%),1043,18,New
59,Guacamole,0xc66800c00b8e6a5d5d8cfa2b90876dcafa7ea41b,https://etherscan.io/token/0xc66800c00b8e6a5d5d8cfa2b90876dcafa7ea41b,Etherium,21/06/2021 23:21:17,1500000000,5,7,3,New
60,Calendula Finance,0x6bb489c26db43c30ebbccd38b26fc2def943e99f,https://etherscan.io/token/0x6bb489c26db43c30ebbccd38b26fc2def943e99f,Etherium,21/06/2021 23:21:17,800000000,18,26,5,New
61,GivingToServices SVS,0x7ca62545a380e7d71f8f5cfa14b9211002075930,https://etherscan.io/token/0x7ca62545a380e7d71f8f5cfa14b9211002075930,Etherium,21/06/2021 23:21:17,10000000000,1446 (0.00%),1504,18,New
62,Precharge,0x2925c2a312a4934fd695fab72b1e425cc41978f2,https://etherscan.io/token/0x2925c2a312a4934fd695fab72b1e425cc41978f2,Etherium,21/06/2021 23:21:17,10000000000,118,225,18,New
63,SHIBAIR INU,0x7b4947e6b6095289fc88ef6a2206a1f6941dd231,https://etherscan.io/token/0x7b4947e6b6095289fc88ef6a2206a1f6941dd231,Etherium,21/06/2021 23:21:17,10000000000000,51,60,18,New
64,https://t.me/Diamond_Hand100X,0xcc5a5de1b37a503c7943c8f261fb6b811c53aa81,https://etherscan.io/token/0xcc5a5de1b37a503c7943c8f261fb6b811c53aa81,Etherium,21/06/2021 23:21:17,100000000000000000000000000000,46,357,18,New
65,Dragon Coin,0x58289c502edb49b4a535c464499a342ce3ca3416,https://etherscan.io/token/0x58289c502edb49b4a535c464499a342ce3ca3416,Etherium,21/06/2021 23:21:17,50000000000,20,24,18,New
66,Ethereum Wet Ass Pussy,0x9072023239dc70a121b7cb62dfca2a500d1ce559,https://etherscan.io/token/0x9072023239dc70a121b7cb62dfca2a500d1ce559,Etherium,21/06/2021 23:21:17,100000000000000,119,442,9,New
67,Thirsty Camel,0xf865dd74167e07dcb1a3b5124f43b935184553cc,https://etherscan.io/token/0xf865dd74167e07dcb1a3b5124f43b935184553cc,Etherium,21/06/2021 23:21:17,1000000000,48,76,18,New
68,SpaceX,0x8976f31100c6381c99a2fac61e6a598f41687955,https://etherscan.io/token/0x8976f31100c6381c99a2fac61e6a598f41687955,Etherium,21/06/2021 23:21:17,100000000000,5,9,18,New
69,Raichu,0xda1c18bf25ca69fca7d0d75184d2fc6bd3a14ec8,https://etherscan.io/token/0xda1c18bf25ca69fca7d0d75184d2fc6bd3a14ec8,Etherium,21/06/2021 23:21:17,1000000000000000,50,415,9,New
70,Scrooge McDuck,0x0b6d6f64bcf965417afe6dbc800b4958ce01fd6b,https://etherscan.io/token/0x0b6d6f64bcf965417afe6dbc800b4958ce01fd6b,Etherium,21/06/2021 23:21:17,50000000000,25,33,18,New
71,Shiba Cigarettes,0x4708e59fe1010f4ec27d6a8851edb18bee7f3328,https://etherscan.io/token/0x4708e59fe1010f4ec27d6a8851edb18bee7f3328,Etherium,21/06/2021 23:21:17,100000000000000,125,499,9,New
72,MoonRise,0x5c2d8e1a95acbf838afd0237ec6863fd94940b10,https://etherscan.io/token/0x5c2d8e1a95acbf838afd0237ec6863fd94940b10,Etherium,21/06/2021 23:21:17,1000000000000000,13,14,18,New
73,EverMusk,0x2f49e5b77f3ba99e85b87412cdf1bd8ff12a95fc,https://etherscan.io/token/0x2f49e5b77f3ba99e85b87412cdf1bd8ff12a95fc,Etherium,21/06/2021 23:21:17,1000000000000000,25,28,18,New
74,PUNTU,0xe394b81dd266b14bf781afb000a98ac498fe2e10,https://etherscan.io/token/0xe394b81dd266b14bf781afb000a98ac498fe2e10,Etherium,21/06/2021 23:21:17,100000000000000000,91,139,9,New
75,Timeless Inu,0x96d5ff2fd959ebe18cb093e5c3873a0b89a397ac,https://etherscan.io/token/0x96d5ff2fd959ebe18cb093e5c3873a0b89a397ac,Etherium,21/06/2021 23:21:17,20000000000,8,11,5,New
76,Cyber Shiba Inu (cybershiba.finance),0x3ae168c6ea1ca3032733cd35a17bf5330da78f78,https://etherscan.io/token/0x3ae168c6ea1ca3032733cd35a17bf5330da78f78,Etherium,21/06/2021 23:21:17,10900900000000000,74,152,18,New
77,HungryShibaInu,0xa7d5c2edbccf83259675c3832ab4dfd2363a9ad3,https://etherscan.io/token/0xa7d5c2edbccf83259675c3832ab4dfd2363a9ad3,Etherium,21/06/2021 23:21:17,1000000000000,231,893,9,New
78,BearTears,0x826eb69cfb247166c63f4fa737c365b0d7c274a6,https://etherscan.io/token/0x826eb69cfb247166c63f4fa737c365b0d7c274a6,Etherium,21/06/2021 23:21:17,1000000000000,10,43,9,New
79,MusubiFOMO,0xc3596dd4c28e6a792b08c6f657cda5b3936b09cd,https://etherscan.io/token/0xc3596dd4c28e6a792b08c6f657cda5b3936b09cd,Etherium,21/06/2021 23:21:17,100000000000000,4,8,18,New
80,Jungle Token,0xbfc7546452c89ce5c5435663d78d1e20d18a8241,https://etherscan.io/token/0xbfc7546452c89ce5c5435663d78d1e20d18a8241,Etherium,21/06/2021 23:21:17,100000000,50,120,18,New
81,Builda Inu,0x9d52dde1b84264fe42faffa58741842e4d6af02e,https://etherscan.io/token/0x9d52dde1b84264fe42faffa58741842e4d6af02e,Etherium,21/06/2021 23:21:17,1000000000000,128,621,9,New
82,Musubi,0x8ee04e1e9400d4e2091ff3a46509e246e2f34542,https://etherscan.io/token/0x8ee04e1e9400d4e2091ff3a46509e246e2f34542,Etherium,21/06/2021 23:21:17,1000000000000,1825,9318,9,New
83,Serium Investing,0xdf21dcbbc4f47982ad628619d0b78d8ff694dd79,https://etherscan.io/token/0xdf21dcbbc4f47982ad628619d0b78d8ff694dd79,Etherium,21/06/2021 23:21:17,1000000000000,1,2,9,New
84,Yellow Stone,0x54a68f4d604fcc185acd238572d12a984d9b55b0,https://etherscan.io/token/0x54a68f4d604fcc185acd238572d12a984d9b55b0,Etherium,21/06/2021 23:21:17,1000000000,24,36,18,New
85,Robo Shiba,0x452e2717571395173e2598e5a509a3d55083b592,https://etherscan.io/token/0x452e2717571395173e2598e5a509a3d55083b592,Etherium,21/06/2021 23:21:17,1000000000000,324,-,9,New
86,ShibNinja (t.me/shibninja),0x836a4265c7b0e73d1caf5e29cad08d8355737589,https://etherscan.io/token/0x836a4265c7b0e73d1caf5e29cad08d8355737589,Etherium,21/06/2021 23:21:17,1000000000000,8,20,9,New
87,AurusDeFi,0xa51fc71422a30fa7ffa605b360c3b283501b5bf6,https://etherscan.io/token/0xa51fc71422a30fa7ffa605b360c3b283501b5bf6,Etherium,21/06/2021 23:21:17,30000000,225 (0.00%),315,18,New
88,BoringDAO,0xbc19712feb3a26080ebf6f2f7849b417fdd792ca,https://etherscan.io/token/0xbc19712feb3a26080ebf6f2f7849b417fdd792ca,Etherium,21/06/2021 23:21:17,196140753.50751361258383,190 ( 2.105%),1700,18,New
89,Switcheo,0xb4371da53140417cbb3362055374b10d97e420bb,https://etherscan.io/token/0xb4371da53140417cbb3362055374b10d97e420bb,Etherium,21/06/2021 23:21:17,4829357.09684977,10 ( -11.111%),39,8,New
90,Evanesco Network,0xd6caf5bd23cf057f5fccce295dcc50c01c198707,https://etherscan.io/token/0xd6caf5bd23cf057f5fccce295dcc50c01c198707,Etherium,21/06/2021 23:21:17,40000000,4698 (0.00%),7735,18,New
91,Handshake,0xa771b49064da011df051052848477f18dba1d2ac,https://etherscan.io/token/0xa771b49064da011df051052848477f18dba1d2ac,Etherium,21/06/2021 23:21:17,500004,17,32,6,New
92,FootBall Sport,0xb6b392f419b39bc5d2a9241c057243463a3c2984,https://etherscan.io/token/0xb6b392f419b39bc5d2a9241c057243463a3c2984,Etherium,21/06/2021 23:21:17,100000000,364 ( -0.275%),750,9,New
93,SywCoin,0x53f3cb58c45ff3966a14986806f46d8605e3961a,https://etherscan.io/token/0x53f3cb58c45ff3966a14986806f46d8605e3961a,Etherium,21/06/2021 23:21:17,1000000000,0,0,5,New
94,Baby Chihua Token,0x5a337fb3bf5d8d03e954498850b85b338b16dc3f,https://etherscan.io/token/0x5a337fb3bf5d8d03e954498850b85b338b16dc3f,Etherium,21/06/2021 23:21:17,500000000000000,22,25,18,New
95,ButtPoop,0x626076d3677b6909d3d399dca0df4f7c343f121d,https://etherscan.io/token/0x626076d3677b6909d3d399dca0df4f7c343f121d,Etherium,21/06/2021 23:21:17,66642069,10,12,18,New
96,ETHERMOON,0x961ba76485262630bcce7380b13d14adf5a004fa,https://etherscan.io/token/0x961ba76485262630bcce7380b13d14adf5a004fa,Etherium,21/06/2021 23:21:17,1000000000000000,1,1,9,New
97,Ethereum Tight Asian Pussy,0x5441f7457601b0bb89a4335337a41af13c041396,https://etherscan.io/token/0x5441f7457601b0bb89a4335337a41af13c041396,Etherium,21/06/2021 23:21:17,10000000000000,43,212,9,New
98,DeversiFi,0xdddddd4301a082e62e84e43f474f044423921918,https://etherscan.io/token/0xdddddd4301a082e62e84e43f474f044423921918,Etherium,21/06/2021 23:21:17,100000000,1 (0.00%),1,18,New
99,Polytrade,0x6e5970dbd6fc7eb1f29c6d2edf2bc4c36124c0c1,https://etherscan.io/token/0x6e5970dbd6fc7eb1f29c6d2edf2bc4c36124c0c1,Etherium,21/06/2021 23:21:17,100000000,2 (0.00%),2,18,New
100,CAKERUN,0x5bd79414b8baef89f87413843e99949d8d23a54f,https://bscscan.com/token/0x5bd79414b8baef89f87413843e99949d8d23a54f,Binance,21/06/2021 23:37:11,1000000000000000,64,259,18,New
101,EverRocket,0x3019d0e8309ac5a9ed61f4f6c57e848d968c7fcf,https://bscscan.com/token/0x3019d0e8309ac5a9ed61f4f6c57e848d968c7fcf,Binance,21/06/2021 23:37:11,1000000000,6,16,18,New
102,MoonBaby,0xe946e6e0f06b540f5c1019a0e59dcbf006af6763,https://bscscan.com/token/0xe946e6e0f06b540f5c1019a0e59dcbf006af6763,Binance,21/06/2021 23:37:11,100000000,5,5,8,New
103,DREAMHIGH,0x376f44430ec7100dd1adf5d235e3b2be17af34fe,https://bscscan.com/token/0x376f44430ec7100dd1adf5d235e3b2be17af34fe,Binance,21/06/2021 23:37:11,1000000000000000,52,198,18,New
104,VILMORA,0x9a7cf49dbccd9f277f2bce4ced75c96bdecb6eef,https://bscscan.com/token/0x9a7cf49dbccd9f277f2bce4ced75c96bdecb6eef,Binance,21/06/2021 23:37:11,100000000000000,10,26,9,New
105,HoldToRise,0x63fec28fccf1cc72d140be1449d735e5bbf2fc06,https://bscscan.com/token/0x63fec28fccf1cc72d140be1449d735e5bbf2fc06,Binance,21/06/2021 23:37:11,1000000000000000,108,242,9,New
106,Citrin Tech,0xa555bade0d48ec8f3a1e742af5198249cca70444,https://bscscan.com/token/0xa555bade0d48ec8f3a1e742af5198249cca70444,Binance,21/06/2021 23:37:11,1000000000000000000,52,147,9,New
107,AquaGoose,0xe52e7fccfe064e7d7075ff9997ee82982b84a89b,https://bscscan.com/token/0xe52e7fccfe064e7d7075ff9997ee82982b84a89b,Binance,21/06/2021 23:37:11,1000000000000000,10,18,9,New
108,SpaceDip,0xf1f8b932bfed09c5782acac06927d0b703d87796,https://bscscan.com/token/0xf1f8b932bfed09c5782acac06927d0b703d87796,Binance,21/06/2021 23:37:11,1000000000000,29,61,9,New
109,Jackpot Army,0xcd5b18bb97bfd0c67d6b0e5d4f63efba194a791f,https://bscscan.com/token/0xcd5b18bb97bfd0c67d6b0e5d4f63efba194a791f,Binance,21/06/2021 23:37:11,100000000000,2293,10003,6,New
110,SnakeArt Finance,0xbfad062170072af5167cb13ba5140a609eb378a8,https://bscscan.com/token/0xbfad062170072af5167cb13ba5140a609eb378a8,Binance,21/06/2021 23:37:11,100000000000000000,202,455,9,New
111,Panda Inu,0xf26e7b1e51a30bdffe1b8887738c34b6d78bf40d,https://bscscan.com/token/0xf26e7b1e51a30bdffe1b8887738c34b6d78bf40d,Binance,21/06/2021 23:37:11,1000000000000000,6,9,18,New
112,Kishu Inu,0x98a2ab68b2b3af4e546d67699c02a20559374a76,https://bscscan.com/token/0x98a2ab68b2b3af4e546d67699c02a20559374a76,Binance,21/06/2021 23:37:11,1000000000000000,6,9,18,New
113,SafeMars,0xf097ea72284128f33724557e6f6a2938fe56c046,https://bscscan.com/token/0xf097ea72284128f33724557e6f6a2938fe56c046,Binance,21/06/2021 23:37:11,10001010000000000,7,20,18,New
114,Counter Strike,0xc731909a65b6cebde4fd0a754cc949a975d22814,https://bscscan.com/token/0xc731909a65b6cebde4fd0a754cc949a975d22814,Binance,21/06/2021 23:37:11,1000000000000,28,51,18,New
115,Beerus,0x44d38d55260a62e0cfb57277d9bbb61059a3c052,https://bscscan.com/token/0x44d38d55260a62e0cfb57277d9bbb61059a3c052,Binance,21/06/2021 23:37:11,100000000000,11,23,9,New
116,Fin,0xae939991ccab452b00c0e002b776d2a33971be4a,https://bscscan.com/token/0xae939991ccab452b00c0e002b776d2a33971be4a,Binance,21/06/2021 23:37:11,100000000,47,114,9,New
117,COYOTE,0x76a8135ea557c23a127816bf1fd4106c25cee1a4,https://bscscan.com/token/0x76a8135ea557c23a127816bf1fd4106c25cee1a4,Binance,21/06/2021 23:37:11,100000000000,10,23,9,New
118,SHIBA TIME ,0xb5b44042fc64b5dab87bb8a097152b6314a040a6,https://bscscan.com/token/0xb5b44042fc64b5dab87bb8a097152b6314a040a6,Binance,21/06/2021 23:37:11,30000000000,27,102,18,New
119,Online Game Exchange,0xae103041763f2cd3080ffbfdfee88e1e9a4ac8a8,https://bscscan.com/token/0xae103041763f2cd3080ffbfdfee88e1e9a4ac8a8,Binance,21/06/2021 23:37:11,1000000000,5,5,0,New
120,CANNON,0xa4e9218c774f4e427d8977dcf1effd38f1abf971,https://bscscan.com/token/0xa4e9218c774f4e427d8977dcf1effd38f1abf971,Binance,21/06/2021 23:37:11,1000000000000000,500,1976,9,New
121,Swiss Crypto Fund,0x7c2be9d32115e659a4f07c36390c68728c74d85d,https://bscscan.com/token/0x7c2be9d32115e659a4f07c36390c68728c74d85d,Binance,21/06/2021 23:37:11,1000000000000,7,8,0,New
122,Noodle Swap,0x3a783e5359db375ae5fc0ebee75a366b5fecd363,https://bscscan.com/token/0x3a783e5359db375ae5fc0ebee75a366b5fecd363,Binance,21/06/2021 23:37:11,1000000000000000,8,10,0,New
123,MinerMoon,0x149caa0e8576b670c5552812e43b43793dcad9d5,https://bscscan.com/token/0x149caa0e8576b670c5552812e43b43793dcad9d5,Binance,21/06/2021 23:37:11,100000000000,9,13,9,New
124,SummerCoin,0x92a839457520825db384c9064c07b2f8139a8ac4,https://bscscan.com/token/0x92a839457520825db384c9064c07b2f8139a8ac4,Binance,21/06/2021 23:37:11,1000000000000000,2,2,9,New
125,BNB Connections,0x7f1c3c069ed6829cd064c907b3c1a19081345661,https://bscscan.com/token/0x7f1c3c069ed6829cd064c907b3c1a19081345661,Binance,21/06/2021 23:37:11,100000000000000,1151,4596,9,New
126,Safemoan,0x3d8df79d67006a2745895ec510fdb7d207d72a8b,https://bscscan.com/token/0x3d8df79d67006a2745895ec510fdb7d207d72a8b,Binance,21/06/2021 23:37:11,1000000000000000,33,44,9,New
127,MajinBoo,0x0f04955ab938c704477568ac3e762662b5940505,https://bscscan.com/token/0x0f04955ab938c704477568ac3e762662b5940505,Binance,21/06/2021 23:37:11,100000000000000,10,28,9,New
128,United Emirate Decentralized Coin,0xf0b6e29c429bbb8e1448340f0776be933805344e,https://bscscan.com/token/0xf0b6e29c429bbb8e1448340f0776be933805344e,Binance,21/06/2021 23:37:11,20000000,848,5144,18,New
129,FaceMask Coin,0x18d3ec620928116ff2329dd2f3697e2fd2cf267b,https://bscscan.com/token/0x18d3ec620928116ff2329dd2f3697e2fd2cf267b,Binance,21/06/2021 23:37:11,6667340.488902,137,243,18,New
130,Carbs Token,0x250070051de834623c4c0a9a74329abc3fd9a668,https://bscscan.com/token/0x250070051de834623c4c0a9a74329abc3fd9a668,Binance,21/06/2021 23:37:11,1000000000000000,254,1112,9,New
131,UCL,0xa17b15b7303e623f3744b6cb138143faa4434f39,https://bscscan.com/token/0xa17b15b7303e623f3744b6cb138143faa4434f39,Binance,21/06/2021 23:37:11,100000000000,9,11,9,New
132,ALS Token,0xf347fb7636c9d204592e258f7b447c41c49a6811,https://bscscan.com/token/0xf347fb7636c9d204592e258f7b447c41c49a6811,Binance,21/06/2021 23:37:11,1000000000000,1086,3393,9,New
133,GiftBear,0xaf2af09db8bf573b531c44c3bf863beeedce83a6,https://bscscan.com/token/0xaf2af09db8bf573b531c44c3bf863beeedce83a6,Binance,21/06/2021 23:37:11,1000000000000000,34,60,9,New
134,MoonRise,0x7ee7f14427cc41d6db17829eb57dc74a26796b9d,https://bscscan.com/token/0x7ee7f14427cc41d6db17829eb57dc74a26796b9d,Binance,21/06/2021 23:37:11,1000000000000000,2708,11631,9,New
135,Dracule Mihawk,0x7e3b77442d4bc8e66ec694e9c9c618bec9603f8c,https://bscscan.com/token/0x7e3b77442d4bc8e66ec694e9c9c618bec9603f8c,Binance,21/06/2021 23:37:11,10000000000,7,18,9,New
136,Albatross Finance,0x6fd0b6b5740afc2d39ab3861fbf9741c74dc3f9c,https://bscscan.com/token/0x6fd0b6b5740afc2d39ab3861fbf9741c74dc3f9c,Binance,21/06/2021 23:37:11,1000000000000000,336,1320,9,New
137,Gold Block,0xca8928a41c788e60581ba1c05ce033c849abc3bf,https://bscscan.com/token/0xca8928a41c788e60581ba1c05ce033c849abc3bf,Binance,21/06/2021 23:37:11,1000000000000,11,22,9,New
138,ChipMunkBSC,0xc68ce983b91b60391385170af3117c4ecea65b4e,https://bscscan.com/token/0xc68ce983b91b60391385170af3117c4ecea65b4e,Binance,21/06/2021 23:37:11,1000000000000000,40,131,9,New
139,EverBoom,0xb082fd9e341ed77bd70a802f7734faf98d325b92,https://bscscan.com/token/0xb082fd9e341ed77bd70a802f7734faf98d325b92,Binance,21/06/2021 23:37:11,1000000000000000,2,3,9,New
140,MoonRise,0x9c14abd5bb3b74313feb2f3d1a22a1a10741473d,https://bscscan.com/token/0x9c14abd5bb3b74313feb2f3d1a22a1a10741473d,Binance,21/06/2021 23:37:11,1000000000000000,18,49,9,New
141,Sukuna,0x85f00d28889852f4ec2b42f355590dae0db00baf,https://bscscan.com/token/0x85f00d28889852f4ec2b42f355590dae0db00baf,Binance,21/06/2021 23:37:11,100000000000000,11,24,9,New
142,SunRise,0xfe258ed026a50d755de99d19775494a949309347,https://bscscan.com/token/0xfe258ed026a50d755de99d19775494a949309347,Binance,21/06/2021 23:37:11,1000000000000000,73,548,9,New
143,Vulcan Token,0xd7f7827507c49235a2a6c13ce07bac75ab183ea8,https://bscscan.com/token/0xd7f7827507c49235a2a6c13ce07bac75ab183ea8,Binance,21/06/2021 23:37:11,33409.730301,310,22043,18,New
144,DOTDOWN,0x69b33396065c56769ba66c9ced1e8d05ffb42c19,https://bscscan.com/token/0x69b33396065c56769ba66c9ced1e8d05ffb42c19,Binance,21/06/2021 23:37:11,1000000000000000,9,16,18,New
145,LUXURY,0x5dbbffc5ceedc85767f834fe363562667ffe7007,https://bscscan.com/token/0x5dbbffc5ceedc85767f834fe363562667ffe7007,Binance,21/06/2021 23:37:11,10000000000,9,35,9,New
146,ZIGZAG,0x462fc342f7420835cf259ea9043382c3977d870f,https://bscscan.com/token/0x462fc342f7420835cf259ea9043382c3977d870f,Binance,21/06/2021 23:37:11,100000000000,16,28,9,New
147,SQUIDPAW,0x221435a065b1f63d67f65a7059a064dc5f1a4936,https://bscscan.com/token/0x221435a065b1f63d67f65a7059a064dc5f1a4936,Binance,21/06/2021 23:37:11,1000000000000000,16,33,9,New
148,SoulKing,0x0060a01c3a423f406bd50d556e1fba43ec53341d,https://bscscan.com/token/0x0060a01c3a423f406bd50d556e1fba43ec53341d,Binance,21/06/2021 23:37:11,1000000000000000,86,368,9,New
149,CrossWallet,0xb4084b27fc030533121ec36387a6ba24f0737586,https://bscscan.com/token/0xb4084b27fc030533121ec36387a6ba24f0737586,Binance,21/06/2021 23:37:11,1000000000,13,15,10,New
150,CRYPTO MOON SHOTS ,0x92c7a486fefafcf372c1f82f957b9d5cd05e115d,https://bscscan.com/token/0x92c7a486fefafcf372c1f82f957b9d5cd05e115d,Binance,21/06/2021 23:37:11,80000000000,34,116,18,New
151,Shikoku Inu,0x06c90989de9f27737381d446437a22940bc802da,https://bscscan.com/token/0x06c90989de9f27737381d446437a22940bc802da,Binance,21/06/2021 23:37:11,1000000000000000,5,12,18,New
152,Aqua Duck,0xfc9728b9794b8f2634ce65151a162803397238a6,https://bscscan.com/token/0xfc9728b9794b8f2634ce65151a162803397238a6,Binance,21/06/2021 23:37:11,1000000000000,15,48,9,New
153,BigTits,0x629321902ec5f8a60edcb9f4265be41d39e43e76,https://bscscan.com/token/0x629321902ec5f8a60edcb9f4265be41d39e43e76,Binance,21/06/2021 23:37:11,100000000000000,9,23,9,New
154,OXgen,0xd502f6059b2698c59a31da866d8bf55b3a348cfc,https://bscscan.com/token/0xd502f6059b2698c59a31da866d8bf55b3a348cfc,Binance,21/06/2021 23:37:11,100000000000000,11,29,9,New
155,Atomic,0xca5d1da84b6ce82f092a2164efbe06ede882fd45,https://bscscan.com/token/0xca5d1da84b6ce82f092a2164efbe06ede882fd45,Binance,21/06/2021 23:37:11,1000000000000000000,19,44,9,New
156,Joker,0x81b156eca57f83f66d990a04b7b923ad5dae609a,https://bscscan.com/token/0x81b156eca57f83f66d990a04b7b923ad5dae609a,Binance,21/06/2021 23:37:11,1000000000000000,11,32,9,New
157,Nexamoon,0x172326fc3ec05d25f6ffbb554b7362bbc30cfe1a,https://bscscan.com/token/0x172326fc3ec05d25f6ffbb554b7362bbc30cfe1a,Binance,21/06/2021 23:37:11,100000000000000000,46,160,9,New
158,Baby EverRise,0xd0ae1e0418551a5f77b7f0f754bd7f41f1f0c786,https://bscscan.com/token/0xd0ae1e0418551a5f77b7f0f754bd7f41f1f0c786,Binance,21/06/2021 23:37:11,1000000000000000,7,23,9,New
159,RabbitHouse,0x048692e46ea55c563edebd10b98e32ace8e2d329,https://bscscan.com/token/0x048692e46ea55c563edebd10b98e32ace8e2d329,Binance,21/06/2021 23:37:11,100000000000000000,8,37,9,New
160,PowerBalloon,0xc13eae9c53812f9e59fbb5154263e55b4683cd54,https://bscscan.com/token/0xc13eae9c53812f9e59fbb5154263e55b4683cd54,Binance,21/06/2021 23:37:11,1000000000000000,11,42,0,New
161,SafeHamster,0xb21b6a4b6239ee48a98434b4a326a902b2bff26d,https://bscscan.com/token/0xb21b6a4b6239ee48a98434b4a326a902b2bff26d,Binance,21/06/2021 23:37:11,1000000000000,14,38,9,New
162,Star Miner,0x816797078f011715591e31e8bbe7efd034f6aea6,https://bscscan.com/token/0x816797078f011715591e31e8bbe7efd034f6aea6,Binance,21/06/2021 23:37:11,1000000000000000,18,52,9,New
163,JUSTRISE,0x78775c9dddcc6af1d2a4d8428384e01ab2dd0f48,https://bscscan.com/token/0x78775c9dddcc6af1d2a4d8428384e01ab2dd0f48,Binance,21/06/2021 23:37:11,1000000000000000,198,611,18,New
164,Mr.Crab,0x7145ffb6ed0d96516bc479cf6d7532177428d0b1,https://bscscan.com/token/0x7145ffb6ed0d96516bc479cf6d7532177428d0b1,Binance,21/06/2021 23:37:11,100000000000000,7,21,9,New
165,SummerShiba,0x59f851ccd01df9e1a589c9b9b9da6b854d6d81b6,https://bscscan.com/token/0x59f851ccd01df9e1a589c9b9b9da6b854d6d81b6,Binance,21/06/2021 23:37:11,1000000000000000,120,565,9,New
166,EverCorgiToken,0x35ee0268c945e39fd65a9e07c84071fbf08136f2,https://bscscan.com/token/0x35ee0268c945e39fd65a9e07c84071fbf08136f2,Binance,21/06/2021 23:37:11,1000000000000000000,181,592,9,New
167,Battosai,0xad0d3be79a499928ada25fbfcfbf32da6415eb86,https://bscscan.com/token/0xad0d3be79a499928ada25fbfcfbf32da6415eb86,Binance,21/06/2021 23:37:11,100000000000000,11,40,9,New
168,CyberDoge,0x2ff8f8f6b014ed0b5e5804e2bdb78bcb604e4c6d,https://bscscan.com/token/0x2ff8f8f6b014ed0b5e5804e2bdb78bcb604e4c6d,Binance,21/06/2021 23:37:11,100000000,24,91,18,New
169,BabySitter,0x26b9f129c2a077467daed29f8774bc83cccbde27,https://bscscan.com/token/0x26b9f129c2a077467daed29f8774bc83cccbde27,Binance,21/06/2021 23:37:11,756259016453.257398,11,36,18,New
170,SIREN INU,0x0ecd9f04c9a570cc1d7f3d1ecb0c23986fb52a80,https://bscscan.com/token/0x0ecd9f04c9a570cc1d7f3d1ecb0c23986fb52a80,Binance,21/06/2021 23:37:11,10000000000000000,8,9,7,New
171,Elon EverDoge,0x6ec57dab665aad4a0cbf4274561a26bce662e0bd,https://bscscan.com/token/0x6ec57dab665aad4a0cbf4274561a26bce662e0bd,Binance,21/06/2021 23:37:11,1000000000000000,2,2,9,New
172,MOONRISER,0x4e58c806c8f1ba7021864688cff3400fe8540203,https://bscscan.com/token/0x4e58c806c8f1ba7021864688cff3400fe8540203,Binance,21/06/2021 23:37:11,1000000000000000,146,566,18,New
173,PinkCarrot,0x3d31a7b4f3e5849e5e83702d25f66b8238bd7881,https://bscscan.com/token/0x3d31a7b4f3e5849e5e83702d25f66b8238bd7881,Binance,21/06/2021 23:37:11,100000000000,8,27,9,New
174,SafePlanetüåé,0xb592eff36c0d1b082166e55f0941b86bd10159aa,https://bscscan.com/token/0xb592eff36c0d1b082166e55f0941b86bd10159aa,Binance,21/06/2021 23:37:11,10000000000000,22,45,8,New
175,UPSHINE,0xf45a139ca99a7f622b6a8bb713af705d59202684,https://bscscan.com/token/0xf45a139ca99a7f622b6a8bb713af705d59202684,Binance,21/06/2021 23:37:11,1000000000000000,10,27,9,New
176,AYY LMAO,0xea11ba59d500cfa8cfeec1128307a2f030666fec,https://bscscan.com/token/0xea11ba59d500cfa8cfeec1128307a2f030666fec,Binance,21/06/2021 23:37:11,1000000000000000,67,352,9,New
177,Gopnik,0xe0e5001a4ee5dc00a002d43731fa6b1cfb37862e,https://bscscan.com/token/0xe0e5001a4ee5dc00a002d43731fa6b1cfb37862e,Binance,21/06/2021 23:37:11,1000000000000,1,1,9,New
178,CoShi Inu,0xd1df372011e3220280bdcff11b37b234c109e3e2,https://bscscan.com/token/0xd1df372011e3220280bdcff11b37b234c109e3e2,Binance,21/06/2021 23:37:11,1000000000000000,6,10,18,New
179,TOKEN SNIFFER ,0x9326010edf5bfdc39b379bbfe1fb2796f90bb1d7,https://bscscan.com/token/0x9326010edf5bfdc39b379bbfe1fb2796f90bb1d7,Binance,21/06/2021 23:37:11,10000000000,30,123,18,New
180,Paisa Token,0x0b2c6f5f177fdd9326039b3110887f2d0f98f713,https://bscscan.com/token/0x0b2c6f5f177fdd9326039b3110887f2d0f98f713,Binance,21/06/2021 23:37:11,1000000000000,328,671,9,New
181,8BIT DOGE,0x003f83da9868acc151be89eefa4d19838ffe5d64,https://bscscan.com/token/0x003f83da9868acc151be89eefa4d19838ffe5d64,Binance,21/06/2021 23:37:11,10000000000,334,4819,9,New
182,Kawakami Finance,0xfb6f23c17238e6caf485124f2c950e3a8b045990,https://bscscan.com/token/0xfb6f23c17238e6caf485124f2c950e3a8b045990,Binance,21/06/2021 23:37:11,1000000000000000,8,18,18,New
183,Octoking,0xd93c6547cc8209c25d71c0b18971dbbdccbb9dfe,https://bscscan.com/token/0xd93c6547cc8209c25d71c0b18971dbbdccbb9dfe,Binance,21/06/2021 23:37:11,1000000000000000,96,434,9,New
184,InuFather,0xbbd94683a911ed3973ff4698a2e27d9e1d17f9cf,https://bscscan.com/token/0xbbd94683a911ed3973ff4698a2e27d9e1d17f9cf,Binance,21/06/2021 23:37:11,1000000000000000,25,80,9,New
185,ButterSwap,0x95323c94d415094af09daac5283a5bf10c6234a0,https://bscscan.com/token/0x95323c94d415094af09daac5283a5bf10c6234a0,Binance,21/06/2021 23:37:11,1000000000000000,6,15,18,New
186,BabyDogeRise,0x914cc3028bbcc28034f96b077c6a51bd34e2206a,https://bscscan.com/token/0x914cc3028bbcc28034f96b077c6a51bd34e2206a,Binance,21/06/2021 23:37:11,1000000000000000,71,310,18,New
187,RisePhoenix,0x3167952cd68286257c817b2f804a9fbad34155a1,https://bscscan.com/token/0x3167952cd68286257c817b2f804a9fbad34155a1,Binance,21/06/2021 23:37:11,300000000,266,1486,8,New
188,‚ùåNot Financial Advice,0x0eddd9b88337c3fd37a6240770727c0ba3713e47,https://bscscan.com/token/0x0eddd9b88337c3fd37a6240770727c0ba3713e47,Binance,21/06/2021 23:37:11,10000000000000,14,41,18,New
189,GrimReaper,0x0e31b2787c4a5f565093e7a409211e30106d1b93,https://bscscan.com/token/0x0e31b2787c4a5f565093e7a409211e30106d1b93,Binance,21/06/2021 23:37:11,100000000000000,33,120,9,New
190,EarnBUSD,0x77eb016273e7da99b827357474bae4eaf41befb8,https://bscscan.com/token/0x77eb016273e7da99b827357474bae4eaf41befb8,Binance,21/06/2021 23:37:11,90490343.459969,191,1079,9,New
191,POLYPIG,0xff39754755237b13441308db986e97d599034aac,https://bscscan.com/token/0xff39754755237b13441308db986e97d599034aac,Binance,21/06/2021 23:37:11,0,0,0,18,New
192,Yezion Tech,0x7b5bd9096325bd0c3b70eda63e16867c287a2e4f,https://bscscan.com/token/0x7b5bd9096325bd0c3b70eda63e16867c287a2e4f,Binance,21/06/2021 23:37:11,1000000000000000000,54,172,9,New
193,Diesel,0xf144d73e576fbf1d5c877f7300bd344a396470b9,https://bscscan.com/token/0xf144d73e576fbf1d5c877f7300bd344a396470b9,Binance,21/06/2021 23:37:11,1000000000000000,18,43,9,New
194,Crip Coin,0x8a0dffe3963f21074c51d3c837fe81b20364245d,https://bscscan.com/token/0x8a0dffe3963f21074c51d3c837fe81b20364245d,Binance,21/06/2021 23:37:11,1000000000000000,49,438,9,New
195,FeralImp,0x22a0bde80471466a146ed1856fa3e78278713bd4,https://bscscan.com/token/0x22a0bde80471466a146ed1856fa3e78278713bd4,Binance,21/06/2021 23:37:11,100000000000000,10,25,9,New
196,peachfolio,0xc1cbfb96a1d5361590b8df04ef78de2fa3178390,https://bscscan.com/token/0xc1cbfb96a1d5361590b8df04ef78de2fa3178390,Binance,21/06/2021 23:37:11,1000000000,1908,6617,18,New
197,SpaceBull,0x64c6097da69af179d3de6e764790492165d7b46d,https://bscscan.com/token/0x64c6097da69af179d3de6e764790492165d7b46d,Binance,21/06/2021 23:37:11,1000000000000,39,73,9,New
198,PumpkinCake,0x5a3f946fb7cc61b9c7e99db4f1e641348da7663b,https://bscscan.com/token/0x5a3f946fb7cc61b9c7e99db4f1e641348da7663b,Binance,21/06/2021 23:37:11,1000000000000,13,36,9,New
199,XGOLD,0x34088ae7ce43ffced6c567dd470502454c294ac0,https://bscscan.com/token/0x34088ae7ce43ffced6c567dd470502454c294ac0,Binance,21/06/2021 23:37:11,777715522330,380,780,8,New
